{"cameraMode":{"drawMode":0,"name":"Shaded","section":"Shading Mode"},"sceneLighting":false,"audioPlay":false,"sceneViewState":{"m_AlwaysRefresh":false,"showFog":true,"showSkybox":false,"showFlares":true,"showImageEffects":true,"showParticleSystems":true,"showVisualEffectGraphs":true,"m_FxEnabled":true},"in2DMode":false,"pivot":{"x":10.018304824829102,"y":2.621568202972412,"z":0.3684757351875305},"rotation":{"x":0.010665218345820904,"y":0.6541197896003723,"z":0.009224865585565567,"w":-0.7562761306762695},"size":2.1615982055664064,"orthographic":false}