{"cameraMode":{"drawMode":0,"name":"Shaded","section":"Shading Mode"},"sceneLighting":false,"audioPlay":false,"sceneViewState":{"m_AlwaysRefresh":false,"showFog":true,"showSkybox":false,"showFlares":true,"showImageEffects":true,"showParticleSystems":true,"showVisualEffectGraphs":true,"m_FxEnabled":true},"in2DMode":false,"pivot":{"x":-15.905868530273438,"y":5.9875712394714359,"z":0.7775917053222656},"rotation":{"x":0.051110755652189258,"y":0.45201826095581057,"z":-0.02586790919303894,"w":0.8902725577354431},"size":3.2144532203674318,"orthographic":false}