{"cameraMode":{"drawMode":0,"name":"Shaded","section":"Shading Mode"},"sceneLighting":false,"audioPlay":false,"sceneViewState":{"m_AlwaysRefresh":false,"showFog":true,"showSkybox":false,"showFlares":true,"showImageEffects":true,"showParticleSystems":true,"showVisualEffectGraphs":true,"m_FxEnabled":true},"in2DMode":false,"pivot":{"x":0.2815898358821869,"y":0.4023078978061676,"z":-1.076101303100586},"rotation":{"x":0.1876794695854187,"y":-0.08371427655220032,"z":0.014911720529198647,"w":0.9790125489234924},"size":1.0432621240615845,"orthographic":false}