{"cameraMode":{"drawMode":0,"name":"Shaded","section":"Shading Mode"},"sceneLighting":false,"audioPlay":false,"sceneViewState":{"m_AlwaysRefresh":false,"showFog":true,"showSkybox":false,"showFlares":true,"showImageEffects":true,"showParticleSystems":true,"showVisualEffectGraphs":true,"m_FxEnabled":true},"in2DMode":false,"pivot":{"x":10.930639266967774,"y":2.1035428047180177,"z":-2.713818311691284},"rotation":{"x":0.03700893744826317,"y":0.8389893174171448,"z":-0.05745931342244148,"w":0.5398916602134705},"size":2.1615982055664064,"orthographic":false}