{"cameraMode":{"drawMode":0,"name":"Shaded","section":"Shading Mode"},"sceneLighting":false,"audioPlay":false,"sceneViewState":{"m_AlwaysRefresh":false,"showFog":false,"showSkybox":false,"showFlares":false,"showImageEffects":false,"showParticleSystems":false,"showVisualEffectGraphs":true,"m_FxEnabled":true},"in2DMode":false,"pivot":{"x":0.41389888525009158,"y":0.9620904326438904,"z":-0.5141377449035645},"rotation":{"x":0.03375908359885216,"y":0.9662905931472778,"z":-0.17914310097694398,"w":0.18213115632534028},"size":1.2617542743682862,"orthographic":false}