{"cameraMode":{"drawMode":0,"name":"Shaded","section":"Shading Mode"},"sceneLighting":false,"audioPlay":false,"sceneViewState":{"m_AlwaysRefresh":false,"showFog":true,"showSkybox":false,"showFlares":true,"showImageEffects":true,"showParticleSystems":true,"showVisualEffectGraphs":true,"m_FxEnabled":true},"in2DMode":false,"pivot":{"x":-0.07899385690689087,"y":7.16721248626709,"z":0.42209234833717348},"rotation":{"x":0.35649341344833376,"y":0.49405959248542788,"z":-0.23229555785655976,"w":0.7582260370254517},"size":0.4330126941204071,"orthographic":false}