{"cameraMode":{"drawMode":0,"name":"Shaded","section":"Shading Mode"},"sceneLighting":false,"audioPlay":false,"sceneViewState":{"m_AlwaysRefresh":false,"showFog":true,"showSkybox":false,"showFlares":true,"showImageEffects":true,"showParticleSystems":true,"showVisualEffectGraphs":true,"m_FxEnabled":true},"in2DMode":false,"pivot":{"x":7.96685266494751,"y":3.3108863830566408,"z":-0.041872620582580569},"rotation":{"x":0.04220803827047348,"y":0.8012474179267883,"z":-0.05909808352589607,"w":0.5953550338745117},"size":2.3286263942718508,"orthographic":false}