{"cameraMode":{"drawMode":0,"name":"Shaded","section":"Shading Mode"},"sceneLighting":false,"audioPlay":false,"sceneViewState":{"m_AlwaysRefresh":false,"showFog":true,"showSkybox":false,"showFlares":true,"showImageEffects":true,"showParticleSystems":true,"showVisualEffectGraphs":true,"m_FxEnabled":true},"in2DMode":false,"pivot":{"x":3.474297046661377,"y":5.961251258850098,"z":1.4465057849884034},"rotation":{"x":0.03272783383727074,"y":0.7621292471885681,"z":0.040670428425073627,"w":-0.6459274291992188},"size":0.6062177419662476,"orthographic":false}