{"cameraMode":{"drawMode":0,"name":"Shaded","section":"Shading Mode"},"sceneLighting":false,"audioPlay":false,"sceneViewState":{"m_AlwaysRefresh":false,"showFog":true,"showSkybox":false,"showFlares":true,"showImageEffects":true,"showParticleSystems":true,"showVisualEffectGraphs":true,"m_FxEnabled":true},"in2DMode":false,"pivot":{"x":-1.399999976158142,"y":4.053999900817871,"z":-2.2139999866485597},"rotation":{"x":-0.021915633231401445,"y":-0.9394667744636536,"z":0.06416594237089157,"w":-0.33755767345428469},"size":1.4130216836929322,"orthographic":false}