{"cameraMode":{"drawMode":0,"name":"Shaded","section":"Shading Mode"},"sceneLighting":false,"audioPlay":false,"sceneViewState":{"m_AlwaysRefresh":false,"showFog":true,"showSkybox":false,"showFlares":true,"showImageEffects":true,"showParticleSystems":true,"showVisualEffectGraphs":true,"m_FxEnabled":true},"in2DMode":false,"pivot":{"x":0.1708933711051941,"y":0.19569574296474458,"z":-2.676302194595337},"rotation":{"x":0.058908842504024509,"y":0.21279682219028474,"z":-0.012780147604644299,"w":0.9753323793411255},"size":0.000017320508050033823,"orthographic":false}